{
  "simulation": {
    "duration_hours": 0.16527777777777777,
    "timestep_seconds": 5.0,
    "samples": 120
  },
  "temperature": {
    "setpoint_c": 22.0,
    "avg_temp_c": 22.00623983684602,
    "std_dev_c": 0.29570381902230947,
    "max_error_c": 0.5575852402860164,
    "avg_error_c": 0.2606897534885731,
    "control_accuracy_pct": 95.83333333333334
  },
  "equipment": {
    "runtime": {
      "crac_1": {
        "hours": 0.16666666666666666,
        "percentage": 100.84033613445378
      },
      "crac_2": {
        "hours": 0.005555555555555556,
        "percentage": 3.3613445378151265
      },
      "crac_3": {
        "hours": 0.0,
        "percentage": 0.0
      }
    },
    "switching": {
      "crac_1": 0,
      "crac_2": 3,
      "crac_3": 0
    }
  },
  "energy": {
    "total_cooling_kwh": 4.359728983405523,
    "avg_power_kw": 8.269179255643316,
    "avg_cooling_kw": 26.15837390043314,
    "avg_cop": 3.235007257246855
  },
  "control": {
    "saturation_pct": 0.0
  }
}